BlackBerry Curve 8900,18990
BlackBerry 9780,27990
BlackBerry Playbook,27990
BlackBerry 9220,9790
"BlackBerry Evolve (Black, 64 GB)",13950
BlackBerry Curve 8530 (Reliance) (256 MB),10990
"BlackBerry Q5 (Red, 8 GB)",13990
BlackBerry Playbook,32990
"BlackBerry Curve 9380 (Black, 512 MB)",20990
BlackBerry Bold 9650 (Reliance) (512 MB),26990
BlackBerry Storm 9530,20490
BlackBerry Curve 8530 (Tata indicom),16990
BlackBerry Pearl 3G 9105,20990
BlackBerry Pearl 3G 9105,20990
BlackBerry 8520,10900
BlackBerry 8520,10900
BlackBerry 8520,10900
BlackBerry 9670 (Tata Indicom) (512 MB),28058
BlackBerry Curve 9350 (Reliance),20990
BlackBerry Curve 9350 (Tata Indicom),20990
BlackBerry Curve 9320 (Blue),13299
"BlackBerry Key 2 (Black, 64 GB)",31990
"BlackBerry 9720 (White, 512 MB)",11990
"BlackBerry Curve 8520 (Black, 256 MB)",10900
BlackBerry Curve 3G 9300,15400
BlackBerry Curve 3G 9300,15400
BlackBerry Curve 3G 9300,15400
"BlackBerry Keyone (Black, 64 GB)",25999
BlackBerry Curve 8900,18990
BlackBerry 9780,27990
BlackBerry Playbook,27990
BlackBerry 9220,9790
"BlackBerry Evolve (Black, 64 GB)",13950
"BlackBerry Q5 (Red, 8 GB)",13990
BlackBerry Curve 8530 (Reliance) (256 MB),10990
BlackBerry Playbook,32990
"BlackBerry Curve 9380 (Black, 512 MB)",20990
BlackBerry Bold 9650 (Reliance) (512 MB),26990
BlackBerry Curve 8530 (Tata indicom),16990
BlackBerry Pearl 3G 9105,20990
BlackBerry Pearl 3G 9105,20990
BlackBerry Storm 9530,20490
BlackBerry 8520,10900
BlackBerry 8520,10900
BlackBerry 9670 (Tata Indicom) (512 MB),28058
BlackBerry Curve 9350 (Reliance),20990
BlackBerry Curve 9350 (Tata Indicom),20990
BlackBerry 8520,10900
BlackBerry Curve 9320 (Blue),13299
"BlackBerry Key 2 (Black, 64 GB)",31990
"BlackBerry 9720 (White, 512 MB)",11990
"BlackBerry Curve 8520 (Black, 256 MB)",10900
BlackBerry Curve 8900,18990
BlackBerry 9780,27990
BlackBerry Playbook,27990
BlackBerry 9220,9790
"BlackBerry Evolve (Black, 64 GB)",13950
"BlackBerry Q5 (Red, 8 GB)",13990
BlackBerry Curve 8530 (Reliance) (256 MB),10990
BlackBerry Playbook,32990
"BlackBerry Curve 9380 (Black, 512 MB)",20990
BlackBerry Bold 9650 (Reliance) (512 MB),26990
BlackBerry Curve 8530 (Tata indicom),16990
BlackBerry Pearl 3G 9105,20990
BlackBerry Pearl 3G 9105,20990
BlackBerry Storm 9530,20490
BlackBerry 8520,10900
BlackBerry 8520,10900
BlackBerry 9670 (Tata Indicom) (512 MB),28058
BlackBerry Curve 9350 (Reliance),20990
BlackBerry Curve 9350 (Tata Indicom),20990
BlackBerry 8520,10900
BlackBerry Curve 9320 (Blue),13299
"BlackBerry Key 2 (Black, 64 GB)",31990
"BlackBerry 9720 (White, 512 MB)",11990
"BlackBerry Curve 8520 (Black, 256 MB)",10900
BlackBerry Curve 8900,18990
BlackBerry 9780,27990
BlackBerry Playbook,27990
BlackBerry 9220,9790
"BlackBerry Evolve (Black, 64 GB)",13950
"BlackBerry Q5 (Red, 8 GB)",13990
BlackBerry Curve 8530 (Reliance) (256 MB),10990
BlackBerry Playbook,32990
"BlackBerry Curve 9380 (Black, 512 MB)",20990
BlackBerry Bold 9650 (Reliance) (512 MB),26990
BlackBerry Curve 8530 (Tata indicom),16990
BlackBerry Pearl 3G 9105,20990
BlackBerry Pearl 3G 9105,20990
BlackBerry Storm 9530,20490
BlackBerry 8520,10900
BlackBerry 8520,10900
BlackBerry 9670 (Tata Indicom) (512 MB),28058
BlackBerry Curve 9350 (Reliance),20990
BlackBerry Curve 9350 (Tata Indicom),20990
BlackBerry 8520,10900
BlackBerry Curve 9320 (Blue),13299
"BlackBerry Key 2 (Black, 64 GB)",31990
"BlackBerry 9720 (White, 512 MB)",11990
"BlackBerry Curve 8520 (Black, 256 MB)",10900
BlackBerry Curve 8900,18990
BlackBerry 9780,27990
BlackBerry Playbook,27990
BlackBerry 9220,9790
"BlackBerry Evolve (Black, 64 GB)",13950
"BlackBerry Q5 (Red, 8 GB)",13990
BlackBerry Curve 8530 (Reliance) (256 MB),10990
BlackBerry Playbook,32990
"BlackBerry Curve 9380 (Black, 512 MB)",20990
BlackBerry Bold 9650 (Reliance) (512 MB),26990
BlackBerry Curve 8530 (Tata indicom),16990
BlackBerry Pearl 3G 9105,20990
BlackBerry Pearl 3G 9105,20990
BlackBerry Storm 9530,20490
BlackBerry 8520,10900
BlackBerry 8520,10900
BlackBerry 9670 (Tata Indicom) (512 MB),28058
BlackBerry Curve 9350 (Reliance),20990
BlackBerry Curve 9350 (Tata Indicom),20990
BlackBerry 8520,10900
BlackBerry Curve 9320 (Blue),13299
"BlackBerry Key 2 (Black, 64 GB)",31990
"BlackBerry 9720 (White, 512 MB)",11990
"BlackBerry Curve 8520 (Black, 256 MB)",10900
BlackBerry Curve 8900,18990
BlackBerry 9780,27990
BlackBerry Playbook,27990
BlackBerry 9220,9790
"BlackBerry Evolve (Black, 64 GB)",13950
"BlackBerry Q5 (Red, 8 GB)",13990
BlackBerry Curve 8530 (Reliance) (256 MB),10990
BlackBerry Playbook,32990
"BlackBerry Curve 9380 (Black, 512 MB)",20990
BlackBerry Bold 9650 (Reliance) (512 MB),26990
BlackBerry Curve 8530 (Tata indicom),16990
BlackBerry Pearl 3G 9105,20990
BlackBerry Pearl 3G 9105,20990
BlackBerry Storm 9530,20490
BlackBerry 8520,10900
BlackBerry 8520,10900
BlackBerry 9670 (Tata Indicom) (512 MB),28058
BlackBerry Curve 9350 (Reliance),20990
BlackBerry Curve 9350 (Tata Indicom),20990
BlackBerry 8520,10900
BlackBerry Curve 9320 (Blue),13299
"BlackBerry Key 2 (Black, 64 GB)",31990
"BlackBerry 9720 (White, 512 MB)",11990
"BlackBerry Curve 8520 (Black, 256 MB)",10900
BlackBerry Curve 8900,18990
BlackBerry 9780,27990
BlackBerry Playbook,27990
BlackBerry 9220,9790
"BlackBerry Evolve (Black, 64 GB)",13950
"BlackBerry Q5 (Red, 8 GB)",13990
BlackBerry Curve 8530 (Reliance) (256 MB),10990
BlackBerry Playbook,32990
"BlackBerry Curve 9380 (Black, 512 MB)",20990
BlackBerry Bold 9650 (Reliance) (512 MB),26990
BlackBerry Curve 8530 (Tata indicom),16990
BlackBerry Pearl 3G 9105,20990
BlackBerry Pearl 3G 9105,20990
BlackBerry Storm 9530,20490
BlackBerry 8520,10900
BlackBerry 8520,10900
BlackBerry 9670 (Tata Indicom) (512 MB),28058
BlackBerry Curve 9350 (Reliance),20990
BlackBerry Curve 9350 (Tata Indicom),20990
BlackBerry 8520,10900
BlackBerry Curve 9320 (Blue),13299
"BlackBerry Key 2 (Black, 64 GB)",31990
"BlackBerry 9720 (White, 512 MB)",11990
"BlackBerry Curve 8520 (Black, 256 MB)",10900
BlackBerry Curve 8900,18990
BlackBerry 9780,27990
BlackBerry Playbook,27990
BlackBerry 9220,9790
"BlackBerry Evolve (Black, 64 GB)",13950
"BlackBerry Q5 (Red, 8 GB)",13990
BlackBerry Curve 8530 (Reliance) (256 MB),10990
BlackBerry Playbook,32990
"BlackBerry Curve 9380 (Black, 512 MB)",20990
BlackBerry Bold 9650 (Reliance) (512 MB),26990
BlackBerry Curve 8530 (Tata indicom),16990
BlackBerry Pearl 3G 9105,20990
BlackBerry Pearl 3G 9105,20990
BlackBerry Storm 9530,20490
BlackBerry 8520,10900
BlackBerry 8520,10900
BlackBerry 9670 (Tata Indicom) (512 MB),28058
BlackBerry Curve 9350 (Reliance),20990
BlackBerry Curve 9350 (Tata Indicom),20990
BlackBerry 8520,10900
BlackBerry Curve 9320 (Blue),13299
"BlackBerry Key 2 (Black, 64 GB)",31990
BlackBerry Curve 3G 9300,15400
"BlackBerry 9720 (White, 512 MB)",11990
